Sgt. Pepper's Lonely Hearts Club Band (1967) by The Beatles,Sgt. Pepper's Lonely Hearts Club Band ,1967) by The Beatles,,1967),The Beatles,The Beatles,The Beatles,The Beatles,,ABBA
Pet Sounds (1966) by The Beach Boys,Pet Sounds ,1966) by The Beach Boys,,1966),The Beach Boys,The Beach Boys,The Beach Boys,The Beach Boys,,AC/DC
Revolver (1966) by The Beatles,Revolver ,1966) by The Beatles,,1966),The Beatles,Bob Dylan,Bob Dylan,Bob Dylan,,Aerosmith
Highway 61 Revisited (1965) by Bob Dylan,Highway 61 Revisited ,1965) by Bob Dylan,,1965),Bob Dylan,Marvin Gaye,Marvin Gaye,Marvin Gaye,,The Allman Brothers Band
Rubber Soul (1965) by The Beatles,Rubber Soul ,1965) by The Beatles,,1965),The Beatles,The Rolling Stones,The Rolling Stones,The Rolling Stones,,Amadou and Mariam
What's Going On (1971) by Marvin Gaye,What's Going On ,1971) by Marvin Gaye,,1971),Marvin Gaye,The Clash,The Clash,The Clash,,The Andrews Sisters
Exile on Main St. (1972) by The Rolling Stones,Exile on Main St. ,1972) by The Rolling Stones,,1972),The Rolling Stones,Elvis Presley,Elvis Presley,Elvis Presley,,The Animals
London Calling (1979) by The Clash,London Calling ,1979) by The Clash,,1979),The Clash,Miles Davis,Miles Davis,Miles Davis,,Arcade Fire
Blonde On Blonde (1966) by Bob Dylan,Blonde On Blonde ,1966) by Bob Dylan,,1966),Bob Dylan,The Velvet Underground,The Velvet Underground,The Velvet Underground,,The Band
"The Beatles (""The White Album"") (1968) by The Beatles",The Beatles ,"""The White Album"") ",1968) by The Beatles,"""The White Album"") ",The Beatles,The Jimi Hendrix Experience,The Jimi Hendrix Experience,The Jimi Hendrix Experience,,The Beach Boys
The Sun Sessions (1976) by Elvis Presley,The Sun Sessions ,1976) by Elvis Presley,,1976),Elvis Presley,Nirvana,Nirvana,Nirvana,,The Beastie Boys
Kind Of Blue (1959) by Miles Davis,Kind Of Blue ,1959) by Miles Davis,,1959),Miles Davis,Bruce Springsteen,Bruce Springsteen,Bruce Springsteen,,The Beatles
The Velvet Underground & Nico (1967) by The Velvet Underground,The Velvet Underground & Nico ,1967) by The Velvet Underground,,1967),The Velvet Underground,Van Morrison,Van Morrison,Van Morrison,,The Bee Gees
Abbey Road (1969) by The Beatles,Abbey Road ,1969) by The Beatles,,1969),The Beatles,Michael Jackson,Michael Jackson,Michael Jackson,,Big Star
Are You Experienced (1967) by The Jimi Hendrix Experience,Are You Experienced ,1967) by The Jimi Hendrix Experience,,1967),The Jimi Hendrix Experience,Chuck Berry,Chuck Berry,Chuck Berry,,Black Flag
Blood On The Tracks (1975) by Bob Dylan,Blood On The Tracks ,1975) by Bob Dylan,,1975),Bob Dylan,John Lennon,John Lennon,John Lennon,,Black Sabbath
Nevermind (1991) by Nirvana,Nevermind ,1991) by Nirvana,,1991),Nirvana,Stevie Wonder,Stevie Wonder,Stevie Wonder,,Blondie
Born To Run (1975) by Bruce Springsteen,Born To Run ,1975) by Bruce Springsteen,,1975),Bruce Springsteen,James Brown,James Brown,James Brown,,Booker T. and the MG’s
Astral Weeks (1968) by Van Morrison,Astral Weeks ,1968) by Van Morrison,,1968),Van Morrison,Fleetwood Mac,Fleetwood Mac,Fleetwood Mac,,Boston
Thriller (1982) by Michael Jackson,Thriller ,1982) by Michael Jackson,,1982),Michael Jackson,U2,U2,U2,,The Boswell Sisters
The Great Twenty-Eight (1982) by Chuck Berry,The Great Twenty-Eight ,1982) by Chuck Berry,,1982),Chuck Berry,Robert Johnson,Robert Johnson,Robert Johnson,,Boyz II Men
John Lennon/Plastic Ono Band (1970) by John Lennon,John Lennon/Plastic Ono Band ,1970) by John Lennon,,1970),John Lennon,The Who,The Who,The Who,,Brooks & Dunn
Innervisions (1973) by Stevie Wonder,Innervisions ,1973) by Stevie Wonder,,1973),Stevie Wonder,Led Zeppelin,Led Zeppelin,Led Zeppelin,,Buffalo Springfield
Live At The Apollo (1963) by James Brown,Live At The Apollo ,1963) by James Brown,,1963),James Brown,Joni Mitchell,Joni Mitchell,Joni Mitchell,,The Byrds
Rumours (1977) by Fleetwood Mac,Rumours ,1977) by Fleetwood Mac,,1977),Fleetwood Mac,Ramones,Ramones,Ramones,,Calle 13
The Joshua Tree (1987) by U2,The Joshua Tree ,1987) by U2,,1987),U2,The Band,The Band,The Band,,The Chemical Brothers
King Of The Delta Blues Singers (1961) by Robert Johnson,King Of The Delta Blues Singers ,1961) by Robert Johnson,,1961),Robert Johnson,David Bowie,David Bowie,David Bowie,,Chicago
Who's Next (1971) by The Who,Who's Next ,1971) by The Who,,1971),The Who,Carole King,Carole King,Carole King,,The Clash
Led Zeppelin (1969) by Led Zeppelin,Led Zeppelin ,1969) by Led Zeppelin,,1969),Led Zeppelin,Eagles,Eagles,Eagles,,The Coasters
Blue (1971) by Joni Mitchell,Blue ,1971) by Joni Mitchell,,1971),Joni Mitchell,Muddy Waters,Muddy Waters,Muddy Waters,,Coldplay
Bringing It All Back Home (1965) by Bob Dylan,Bringing It All Back Home ,1965) by Bob Dylan,,1965),Bob Dylan,Love,Love,Love,,Alice Cooper
Let It Bleed (1969) by The Rolling Stones,Let It Bleed ,1969) by The Rolling Stones,,1969),The Rolling Stones,Sex Pistols,Sex Pistols,Sex Pistols,,Cream
Ramones (1976) by Ramones,Ramones ,1976) by Ramones,,1976),Ramones,The Doors,The Doors,The Doors,,Creedence Clearwater Revival
Music From Big Pink (1968) by The Band,Music From Big Pink ,1968) by The Band,,1968),The Band,Pink Floyd,Pink Floyd,Pink Floyd,,"Crosby, Stills & Nash"
The Rise And Fall Of Ziggy Stardust And The Spiders From Mars (1972) by David Bowie,The Rise And Fall Of Ziggy Stardust And The Spiders From Mars ,1972) by David Bowie,,1972),David Bowie,Patti Smith,Patti Smith,Patti Smith,,Daft Punk
Tapestry (1971) by Carole King,Tapestry ,1971) by Carole King,,1971),Carole King,Bob Marley & The Wailers,Bob Marley & The Wailers,Bob Marley & The Wailers,,De La Soul
Hotel California (1976) by Eagles,Hotel California ,1976) by Eagles,,1976),Eagles,John Coltrane,John Coltrane,John Coltrane,,Death Cab for Cutie
The Anthology (1947-1972) (2001) by Muddy Waters,The Anthology ,1947-1972) ,2001) by Muddy Waters,1947-1972) ,Muddy Waters,Public Enemy,Public Enemy,Public Enemy,,The Decemberists
Please Please Me (1963) by The Beatles,Please Please Me ,1963) by The Beatles,,1963),The Beatles,The Allman Brothers Band,The Allman Brothers Band,The Allman Brothers Band,,Def Leppard
Forever Changes (1967) by Love,Forever Changes ,1967) by Love,,1967),Love,Little Richard,Little Richard,Little Richard,,Devo
"Never Mind The Bollocks, Here's The Sex Pistols (1977) by Sex Pistols","Never Mind The Bollocks, Here's The Sex Pistols ",1977) by Sex Pistols,,1977),Sex Pistols,Simon And Garfunkel,Simon And Garfunkel,Simon And Garfunkel,,The Dillards
The Doors (1967) by The Doors,The Doors ,1967) by The Doors,,1967),The Doors,Al Green,Al Green,Al Green,,Dion and the Belmonts
The Dark Side Of The Moon (1973) by Pink Floyd,The Dark Side Of The Moon ,1973) by Pink Floyd,,1973),Pink Floyd,Ray Charles,Ray Charles,Ray Charles,,Dire Straits
Horses (1975) by Patti Smith,Horses ,1975) by Patti Smith,,1975),Patti Smith,Captain Beefheart and his Magic Band,Captain Beefheart and his Magic Band,Captain Beefheart and his Magic Band,,Dixie Chicks
The Band (1969) by The Band,The Band ,1969) by The Band,,1969),The Band,Sly & The Family Stone,Sly & The Family Stone,Sly & The Family Stone,,The Doors
Legend (1984) by Bob Marley & The Wailers,Legend ,1984) by Bob Marley & The Wailers,,1984),Bob Marley & The Wailers,Guns N' Roses,Guns N' Roses,Guns N' Roses,,The Drifters
A Love Supreme (1965) by John Coltrane,A Love Supreme ,1965) by John Coltrane,,1965),John Coltrane,Back to Mono,Back to Mono,Back to Mono,,The Eagles
It Takes A Nation Of Millions To Hold Us Back (1988) by Public Enemy,It Takes A Nation Of Millions To Hold Us Back ,1988) by Public Enemy,,1988),Public Enemy,Billy Joel,Billy Joel,Billy Joel,,"Earth, Wind & Fire"
At Fillmore East (1971) by The Allman Brothers Band,At Fillmore East ,1971) by The Allman Brothers Band,,1971),The Allman Brothers Band,Curtis Mayfield,Curtis Mayfield,Curtis Mayfield,,Emerson Lake & Palmer
Here's Little Richard (1957) by Little Richard,Here's Little Richard ,1957) by Little Richard,,1957),Little Richard,Neil Young,Neil Young,Neil Young,,The Everly Brothers
Bridge Over Troubled Water (1970) by Simon And Garfunkel,Bridge Over Troubled Water ,1970) by Simon And Garfunkel,,1970),Simon And Garfunkel,Prince,Prince,Prince,,The Flamingos
Al Green's Greatest Hits (1975) by Al Green,Al Green's Greatest Hits ,1975) by Al Green,,1975),Al Green,AC/DC,AC/DC,AC/DC,,Fleetwood Mac
The Birth Of Soul: The Complete Atlantic Rhythm And Blues Recordings (1991) by Ray Charles,The Birth Of Soul: The Complete Atlantic Rhythm And Blues Recordings ,1991) by Ray Charles,,1991),Ray Charles,Otis Redding,Otis Redding,Otis Redding,,The Flying Burrito Brothers
Electric Ladyland (1968) by The Jimi Hendrix Experience,Electric Ladyland ,1968) by The Jimi Hendrix Experience,,1968),The Jimi Hendrix Experience,The Zombies,The Zombies,The Zombies,,The Four Seasons
Elvis Presley (1956) by Elvis Presley,Elvis Presley ,1956) by Elvis Presley,,1956),Elvis Presley,Paul Simon,Paul Simon,Paul Simon,,The Four Tops
Songs In The Key Of Life (1976) by Stevie Wonder,Songs In The Key Of Life ,1976) by Stevie Wonder,,1976),Stevie Wonder,Aretha Franklin,Aretha Franklin,Aretha Franklin,,Fugazi
Beggars Banquet (1968) by The Rolling Stones,Beggars Banquet ,1968) by The Rolling Stones,,1968),The Rolling Stones,Johnny Cash,Johnny Cash,Johnny Cash,,The Gang of Four
Trout Mask Replica (1969) by Captain Beefheart and his Magic Band,Trout Mask Replica ,1969) by Captain Beefheart and his Magic Band,,1969),Captain Beefheart and his Magic Band,Dusty Springfield,Dusty Springfield,Dusty Springfield,,Genesis
Meet The Beatles (1964) by The Beatles,Meet The Beatles ,1964) by The Beatles,,1964),The Beatles,Elton John,Elton John,Elton John,,Grandmaster Flash and the Furious Five
Greatest Hits (1970) by Sly & The Family Stone,Greatest Hits ,1970) by Sly & The Family Stone,,1970),Sly & The Family Stone,Buddy Holly,Buddy Holly,Buddy Holly,,The Grateful Dead
Appetite For Destruction (1987) by Guns N' Roses,Appetite For Destruction ,1987) by Guns N' Roses,,1987),Guns N' Roses,Creedence Clearwater Revival,Creedence Clearwater Revival,Creedence Clearwater Revival,,Green Day
Achtung Baby (1991) by U2,Achtung Baby ,1991) by U2,,1991),U2,Elvis Costello,Elvis Costello,Elvis Costello,,Guns N’ Roses
Sticky Fingers (1971) by The Rolling Stones,Sticky Fingers ,1971) by The Rolling Stones,,1971),The Rolling Stones,Frank Sinatra,Frank Sinatra,Frank Sinatra,,Hüsker Dü
Back To Mono (1958-1969) (1991) by Phil Spector,Back To Mono ,1958-1969) ,1991) by Phil Spector,1958-1969) ,Back to Mono,Cream,Cream,Cream,,The Hollies
Moondance (1970) by Van Morrison,Moondance ,1970) by Van Morrison,,1970),Van Morrison,James Taylor,James Taylor,James Taylor,,Iggy and the Stooges
Led Zeppelin IV (1971) by Led Zeppelin,Led Zeppelin IV ,1971) by Led Zeppelin,,1971),Led Zeppelin,Sam Cooke,Sam Cooke,Sam Cooke,,The Ink Spots
The Stranger (1977) by Billy Joel,The Stranger ,1977) by Billy Joel,,1977),Billy Joel,Radiohead,Radiohead,Radiohead,,The Isley Brothers
Off The Wall (1979) by Michael Jackson,Off The Wall ,1979) by Michael Jackson,,1979),Michael Jackson,Derek And The Dominos,Derek And The Dominos,Derek And The Dominos,,The Jam
Super Fly (1972) by Curtis Mayfield,Super Fly ,1972) by Curtis Mayfield,,1972),Curtis Mayfield,Etta James,Etta James,Etta James,,The Jefferson Airplane
Physical Graffiti (1975) by Led Zeppelin,Physical Graffiti ,1975) by Led Zeppelin,,1975),Led Zeppelin,The Byrds,The Byrds,The Byrds,,The Jesus and Mary Chain
After The Gold Rush (1970) by Neil Young,After The Gold Rush ,1970) by Neil Young,,1970),Neil Young,Jimmy Cliff,Jimmy Cliff,Jimmy Cliff,,Jonas Brothers
Purple Rain (1984) by Prince,Purple Rain ,1984) by Prince,,1984),Prince,Run-D.M.C.,Run-D.M.C.,Run-D.M.C.,,Joy Division
Back In Black (1980) by AC/DC,Back In Black ,1980) by AC/DC,,1980),AC/DC,Moby Grape,Moby Grape,Moby Grape,,The Judds
Otis Blue (1965) by Otis Redding,Otis Blue ,1965) by Otis Redding,,1965),Otis Redding,Janis Joplin,Janis Joplin,Janis Joplin,,The Kingston Trio
Led Zeppelin II (1969) by Led Zeppelin,Led Zeppelin II ,1969) by Led Zeppelin,,1969),Led Zeppelin,The Wailers,The Wailers,The Wailers,,The Kinks
Imagine (1971) by John Lennon,Imagine ,1971) by John Lennon,,1971),John Lennon,The Stooges,The Stooges,The Stooges,,Gladys Knight and the Pips
The Clash (1977) by The Clash,The Clash ,1977) by The Clash,,1977),The Clash,Talking Heads,Talking Heads,Talking Heads,,Kool and the Gang
Harvest (1972) by Neil Young,Harvest ,1972) by Neil Young,,1972),Neil Young,The Mamas & The Papas,The Mamas & The Papas,The Mamas & The Papas,,Kraftwerk
Star Time (1991) by James Brown,Star Time ,1991) by James Brown,,1991),James Brown,Television,Television,Television,,Ladysmith Black Mambazo
Odessey And Oracle (1968) by The Zombies,Odessey And Oracle ,1968) by The Zombies,,1968),The Zombies,Hank Williams,Hank Williams,Hank Williams,,Led Zeppelin
Graceland (1986) by Paul Simon,Graceland ,1986) by Paul Simon,,1986),Paul Simon,Black Sabbath,Black Sabbath,Black Sabbath,,Little Anthony and the Imperials
Axis: Bold As Love (1967) by The Jimi Hendrix Experience,Axis: Bold As Love ,1967) by The Jimi Hendrix Experience,,1967),The Jimi Hendrix Experience,Various Artists,Various Artists,Various Artists,,The Louvin Brothers
I Never Loved A Man The Way I Love You (1967) by Aretha Franklin,I Never Loved A Man The Way I Love You ,1967) by Aretha Franklin,,1967),Aretha Franklin,The Notorious B.I.G.,The Notorious B.I.G.,The Notorious B.I.G.,,Love
Lady Soul (1968) by Aretha Franklin,Lady Soul ,1968) by Aretha Franklin,,1968),Aretha Franklin,Pavement,Pavement,Pavement,,The Lovin’ Spoonful
Born In The U.S.A. (1984) by Bruce Springsteen,Born In The U.S.A. ,1984) by Bruce Springsteen,,1984),Bruce Springsteen,The Replacements,The Replacements,The Replacements,,Frankie Lymon and the Teenagers
Let It Be (1970) by The Beatles,Let It Be ,1970) by The Beatles,,1970),The Beatles,Dr. Dre,Dr. Dre,Dr. Dre,,Lynyrd Skynyrd
The Wall (1979) by Pink Floyd,The Wall ,1979) by Pink Floyd,,1979),Pink Floyd,The Meters,The Meters,The Meters,,The MC5
At Folsom Prison (1968) by Johnny Cash,At Folsom Prison ,1968) by Johnny Cash,,1968),Johnny Cash,Blondie,Blondie,Blondie,,The Mamas and the Papas
Dusty In Memphis (1969) by Dusty Springfield,Dusty In Memphis ,1969) by Dusty Springfield,,1969),Dusty Springfield,B.B. King,B.B. King,B.B. King,,The Mekons
Talking Book (1972) by Stevie Wonder,Talking Book ,1972) by Stevie Wonder,,1972),Stevie Wonder,Phil Spector,Phil Spector,Phil Spector,,Metallica
Goodbye Yellow Brick Road (1973) by Elton John,Goodbye Yellow Brick Road ,1973) by Elton John,,1973),Elton John,Dr. John,Dr. John,Dr. John,,The Mills Brothers
20 Golden Greats (1978) by Buddy Holly,20 Golden Greats ,1978) by Buddy Holly,,1978),Buddy Holly,N.W.A,N.W.A,N.W.A,,Modest Mouse
Sign O' The Times (1987) by Prince,Sign O' The Times ,1987) by Prince,,1987),Prince,Steely Dan,Steely Dan,Steely Dan,,The Monkees
Bitches Brew (1970) by Miles Davis,Bitches Brew ,1970) by Miles Davis,,1970),Miles Davis,Jefferson Airplane,Jefferson Airplane,Jefferson Airplane,,The Moody Blues
Green River (1969) by Creedence Clearwater Revival,Green River ,1969) by Creedence Clearwater Revival,,1969),Creedence Clearwater Revival,"Crosby, Stills, Nash & Young","Crosby, Stills, Nash & Young","Crosby, Stills, Nash & Young",,The Moonglows
Tommy (1969) by The Who,Tommy ,1969) by The Who,,1969),The Who,Santana,Santana,Santana,,Mumford & Sons
The Freewheelin' Bob Dylan (1963) by Bob Dylan,The Freewheelin' Bob Dylan ,1963) by Bob Dylan,,1963),Bob Dylan,The B-52's,The B-52's,The B-52's,,My Chemical Romance
This Year's Model (1978) by Elvis Costello,This Year's Model ,1978) by Elvis Costello,,1978),Elvis Costello,Howlin' Wolf,Howlin' Wolf,Howlin' Wolf,,New Order
There's A Riot Goin' On (1971) by Sly & The Family Stone,There's A Riot Goin' On ,1971) by Sly & The Family Stone,,1971),Sly & The Family Stone,A Tribe Called Quest,A Tribe Called Quest,A Tribe Called Quest,,The New York Dolls
In The Wee Small Hours (1955) by Frank Sinatra,In The Wee Small Hours ,1955) by Frank Sinatra,,1955),Frank Sinatra,Pretenders,Pretenders,Pretenders,,Nine Inch Nails
Fresh Cream (1966) by Cream,Fresh Cream ,1966) by Cream,,1966),Cream,Beastie Boys,Beastie Boys,Beastie Boys,,Nirvana
Giant Steps (1959) by John Coltrane,Giant Steps ,1959) by John Coltrane,,1959),John Coltrane,Joy Division,Joy Division,Joy Division,,The O’Jays
Sweet Baby James (1970) by James Taylor,Sweet Baby James ,1970) by James Taylor,,1970),James Taylor,Kiss,Kiss,Kiss,,The Ohio Players
Modern Sounds In Country And Western Music (1962) by Ray Charles,Modern Sounds In Country And Western Music ,1962) by Ray Charles,,1962),Ray Charles,T. Rex,T. Rex,T. Rex,,One Direction
Rocket To Russia (1977) by Ramones,Rocket To Russia ,1977) by Ramones,,1977),Ramones,Linda Ronstadt,Linda Ronstadt,Linda Ronstadt,,The Orioles
Portrait Of A Legend: 1951-1964 (2003) by Sam Cooke,Portrait Of A Legend: 1951-1964 ,2003) by Sam Cooke,,2003),Sam Cooke,Elvis Costello & The Attractions,Elvis Costello & The Attractions,Elvis Costello & The Attractions,,OutKast
Hunky Dory (1971) by David Bowie,Hunky Dory ,1971) by David Bowie,,1971),David Bowie,Metallica,Metallica,Metallica,,Parliament-Funkadelic
Aftermath (1966) by The Rolling Stones,Aftermath ,1966) by The Rolling Stones,,1966),The Rolling Stones,Rod Stewart,Rod Stewart,Rod Stewart,,Pavement
Loaded (1970) by The Velvet Underground,Loaded ,1970) by The Velvet Underground,,1970),The Velvet Underground,Todd Rundgren,Todd Rundgren,Todd Rundgren,,Pearl Jam
The Bends (1995) by Radiohead,The Bends ,1995) by Radiohead,,1995),Radiohead,Carpenters,Carpenters,Carpenters,,Pere Ubu
Court And Spark (1974) by Joni Mitchell,Court And Spark ,1974) by Joni Mitchell,,1974),Joni Mitchell,Aerosmith,Aerosmith,Aerosmith,,The Pet Shop Boys
Disraeli Gears (1967) by Cream,Disraeli Gears ,1967) by Cream,,1967),Cream,Funkadelic,Funkadelic,Funkadelic,,"Peter, Paul and Mary"
The Who Sell Out (1967) by The Who,The Who Sell Out ,1967) by The Who,,1967),The Who,Curtis Mayfield And The Impressions,Curtis Mayfield And The Impressions,Curtis Mayfield And The Impressions,,Pink Floyd
Out Of Our Heads (1965) by The Rolling Stones,Out Of Our Heads ,1965) by The Rolling Stones,,1965),The Rolling Stones,ABBA,ABBA,ABBA,,Pixies
Layla And Other Assorted Love Songs (1970) by Derek And The Dominos,Layla And Other Assorted Love Songs ,1970) by Derek And The Dominos,,1970),Derek And The Dominos,Willie Nelson,Willie Nelson,Willie Nelson,,The Platters
At Last! (1961) by Etta James,At Last! ,1961) by Etta James,,1961),Etta James,Peter Gabriel,Peter Gabriel,Peter Gabriel,,Poco
Sweetheart Of The Rodeo (1968) by The Byrds,Sweetheart Of The Rodeo ,1968) by The Byrds,,1968),The Byrds,Buffalo Springfield,Buffalo Springfield,Buffalo Springfield,,The Police
Stand! (1969) by Sly & The Family Stone,Stand! ,1969) by Sly & The Family Stone,,1969),Sly & The Family Stone,Quicksilver Messenger Service,Quicksilver Messenger Service,Quicksilver Messenger Service,,Portishead
The Harder They Come (1972) by Jimmy Cliff,The Harder They Come ,1972) by Jimmy Cliff,,1972),Jimmy Cliff,The Flying Burrito Brothers,The Flying Burrito Brothers,The Flying Burrito Brothers,,Public Enemy
Raising Hell (1986) by Run-D.M.C.,Raising Hell ,1986) by Run-D.M.C.,,1986),Run-D.M.C.,Green Day,Green Day,Green Day,,Puffy AmiYumi
Moby Grape (1967) by Moby Grape,Moby Grape ,1967) by Moby Grape,,1967),Moby Grape,Lou Reed,Lou Reed,Lou Reed,,Queen
Pearl (1971) by Janis Joplin,Pearl ,1971) by Janis Joplin,,1971),Janis Joplin,John Mayall,John Mayall,John Mayall,,R.E.M.
Catch A Fire (1973) by The Wailers,Catch A Fire ,1973) by The Wailers,,1973),The Wailers,R.E.M.,R.E.M.,R.E.M.,,Radiohead
Younger Than Yesterday (1967) by The Byrds,Younger Than Yesterday ,1967) by The Byrds,,1967),The Byrds,Little Walter,Little Walter,Little Walter,,Rage Against the Machine
Raw Power (1973) by The Stooges,Raw Power ,1973) by The Stooges,,1973),The Stooges,Nine Inch Nails,Nine Inch Nails,Nine Inch Nails,,The Ramones
Remain In Light (1980) by Talking Heads,Remain In Light ,1980) by Talking Heads,,1980),Talking Heads,Cat Stevens,Cat Stevens,Cat Stevens,,Rascal Flatts
If You Can Believe Your Eyes And Ears (1966) by The Mamas & The Papas,If You Can Believe Your Eyes And Ears ,1966) by The Mamas & The Papas,,1966),The Mamas & The Papas,Pearl Jam,Pearl Jam,Pearl Jam,,Red Hot Chili Peppers
Marquee Moon (1977) by Television,Marquee Moon ,1977) by Television,,1977),Television,Ike & Tina Turner,Ike & Tina Turner,Ike & Tina Turner,,The Replacements
40 Greatest Hits (1978) by Hank Williams,40 Greatest Hits ,1978) by Hank Williams,,1978),Hank Williams,New York Dolls,New York Dolls,New York Dolls,,The Rolling Stones
Paranoid (1970) by Black Sabbath,Paranoid ,1970) by Black Sabbath,,1970),Black Sabbath,Bo Diddley,Bo Diddley,Bo Diddley,,Roxy Music
Saturday Night Fever (1977) by Various Artists,Saturday Night Fever ,1977) by Various Artists,,1977),Various Artists,Bobby Blue Bland,Bobby Blue Bland,Bobby Blue Bland,,Run-D.M.C.
"The Wild, The Innocent And The E Street Shuffle (1973) by Bruce Springsteen","The Wild, The Innocent And The E Street Shuffle ",1973) by Bruce Springsteen,,1973),Bruce Springsteen,The Smiths,The Smiths,The Smiths,,Sam and Dave
Ready To Die (1994) by The Notorious B.I.G.,Ready To Die ,1994) by The Notorious B.I.G.,,1994),The Notorious B.I.G.,My Bloody Valentine,My Bloody Valentine,My Bloody Valentine,,Santana
Slanted And Enchanted (1992) by Pavement,Slanted And Enchanted ,1992) by Pavement,,1992),Pavement,Professor Longhair,Professor Longhair,Professor Longhair,,The Sex Pistols
Greatest Hits (1974) by Elton John,Greatest Hits ,1974) by Elton John,,1974),Elton John,Neil Diamond,Neil Diamond,Neil Diamond,,The Shadows
Tim (1985) by The Replacements,Tim ,1985) by The Replacements,,1985),The Replacements,Pixies,Pixies,Pixies,,The Shirelles
The Chronic (1992) by Dr. Dre,The Chronic ,1992) by Dr. Dre,,1992),Dr. Dre,Eric B. & Rakim,Eric B. & Rakim,Eric B. & Rakim,,Sleater-Kinney
Rejuvenation (1974) by The Meters,Rejuvenation ,1974) by The Meters,,1974),The Meters,Bonnie Raitt,Bonnie Raitt,Bonnie Raitt,,Sly and the Family Stone
All That You Can't Leave Behind (2000) by U2,All That You Can't Leave Behind ,2000) by U2,,2000),U2,Queen,Queen,Queen,,Smashing Pumpkins
Parallel Lines (1978) by Blondie,Parallel Lines ,1978) by Blondie,,1978),Blondie,The Kinks,The Kinks,The Kinks,,The Smiths
Live At The Regal (1965) by B.B. King,Live At The Regal ,1965) by B.B. King,,1965),B.B. King,Patsy Cline,Patsy Cline,Patsy Cline,,Sonic Youth
A Christmas Gift For You (1963) by Phil Spector,A Christmas Gift For You ,1963) by Phil Spector,,1963),Phil Spector,Jackie Wilson,Jackie Wilson,Jackie Wilson,,The Soul Stirrers
Gris-Gris (1968) by Dr. John,Gris-Gris ,1968) by Dr. John,,1968),Dr. John,Madonna,Madonna,Madonna,,Spice Girls
Straight Outta Compton (1988) by N.W.A,Straight Outta Compton ,1988) by N.W.A,,1988),N.W.A,Jerry Lee Lewis,Jerry Lee Lewis,Jerry Lee Lewis,,Stanley Brothers
Aja (1977) by Steely Dan,Aja ,1977) by Steely Dan,,1977),Steely Dan,The Mothers Of Invention,The Mothers Of Invention,The Mothers Of Invention,,The Staple Singers
Surrealistic Pillow (1967) by Jefferson Airplane,Surrealistic Pillow ,1967) by Jefferson Airplane,,1967),Jefferson Airplane,Grateful Dead,Grateful Dead,Grateful Dead,,Steely Dan
Dreams To Remember: The Otis Redding Anthology (1998) by Otis Redding,Dreams To Remember: The Otis Redding Anthology ,1998) by Otis Redding,,1998),Otis Redding,Nick Drake,Nick Drake,Nick Drake,,The Strokes
"Déjà Vu (1970) by Crosby, Stills, Nash & Young",Déjà Vu ,"1970) by Crosby, Stills, Nash & Young",,1970),"Crosby, Stills, Nash & Young",Ornette Coleman,Ornette Coleman,Ornette Coleman,,TV on the Radio
Houses Of The Holy (1973) by Led Zeppelin,Houses Of The Holy ,1973) by Led Zeppelin,,1973),Led Zeppelin,Jay-Z,Jay-Z,Jay-Z,,Talking Heads
Santana (1969) by Santana,Santana ,1969) by Santana,,1969),Santana,Kraftwerk,Kraftwerk,Kraftwerk,,Television
Darkness On The Edge Of Town (1978) by Bruce Springsteen,Darkness On The Edge Of Town ,1978) by Bruce Springsteen,,1978),Bruce Springsteen,Whitney Houston,Whitney Houston,Whitney Houston,,The Temptations
The B-52's (1979) by The B-52's,The B-52's ,1979) by The B-52's,,1979),The B-52's,Janet Jackson,Janet Jackson,Janet Jackson,,Tinariwen
Moanin' In The Moonlight (1958) by Howlin' Wolf,Moanin' In The Moonlight ,1958) by Howlin' Wolf,,1958),Howlin' Wolf,"Crosby, Stills & Nash","Crosby, Stills & Nash","Crosby, Stills & Nash",,Toots and the Maytals
The Low End Theory (1991) by A Tribe Called Quest,The Low End Theory ,1991) by A Tribe Called Quest,,1991),A Tribe Called Quest,Buena Vista Social Club,Buena Vista Social Club,Buena Vista Social Club,,Traffic
Pretenders (1980) by Pretenders,Pretenders ,1980) by Pretenders,,1980),Pretenders,Tracy Chapman,Tracy Chapman,Tracy Chapman,,The Turtles
Paul's Boutique (1989) by Beastie Boys,Paul's Boutique ,1989) by Beastie Boys,,1989),Beastie Boys,"Blood, Sweat & Tears","Blood, Sweat & Tears","Blood, Sweat & Tears",,U2
Closer (1980) by Joy Division,Closer ,1980) by Joy Division,,1980),Joy Division,The Jesus And Mary Chain,The Jesus And Mary Chain,The Jesus And Mary Chain,,Van Halen
Captain Fantastic And The Brown Dirt Cowboy (1975) by Elton John,Captain Fantastic And The Brown Dirt Cowboy ,1975) by Elton John,,1975),Elton John,Smokey Robinson & The Miracles,Smokey Robinson & The Miracles,Smokey Robinson & The Miracles,,The Velvet Underground
Alive! (1975) by Kiss,Alive! ,1975) by Kiss,,1975),Kiss,Labelle,Labelle,Labelle,,The Ventures
Electric Warrior (1971) by T. Rex,Electric Warrior ,1971) by T. Rex,,1971),T. Rex,Eminem,Eminem,Eminem,,The Weavers
The Dock Of The Bay (1968) by Otis Redding,The Dock Of The Bay ,1968) by Otis Redding,,1968),Otis Redding,Parliament,Parliament,Parliament,,The White Stripes
OK Computer (1997) by Radiohead,OK Computer ,1997) by Radiohead,,1997),Radiohead,Mary J. Blige,Mary J. Blige,Mary J. Blige,,The Who
1999 (1982) by Prince,1999,1982) by Prince,,1982),Prince,Barry White,Barry White,Barry White,,Wilco
Heart Like A Wheel (1974) by Linda Ronstadt,Heart Like A Wheel ,1974) by Linda Ronstadt,,1974),Linda Ronstadt,The Cars,The Cars,The Cars,,X
Let's Get It On (1973) by Marvin Gaye,Let's Get It On ,1973) by Marvin Gaye,,1973),Marvin Gaye,X,X,X,,The Yardbirds
Imperial Bedroom (1982) by Elvis Costello & The Attractions,Imperial Bedroom ,1982) by Elvis Costello & The Attractions,,1982),Elvis Costello & The Attractions,Bob Dylan And The Band,Bob Dylan And The Band,Bob Dylan And The Band,,Yes
Master Of Puppets (1986) by Metallica,Master Of Puppets ,1986) by Metallica,,1986),Metallica,MC5,MC5,MC5,,Yo La Tengo
My Aim Is True (1977) by Elvis Costello,My Aim Is True ,1977) by Elvis Costello,,1977),Elvis Costello,Weezer,Weezer,Weezer,,ZZ Top
Exodus (1977) by Bob Marley & The Wailers,Exodus ,1977) by Bob Marley & The Wailers,,1977),Bob Marley & The Wailers,Dolly Parton,Dolly Parton,Dolly Parton,,
Live At Leeds (1970) by The Who,Live At Leeds ,1970) by The Who,,1970),The Who,Jeff Buckley,Jeff Buckley,Jeff Buckley,,
The Notorious Byrd Brothers (1968) by The Byrds,The Notorious Byrd Brothers ,1968) by The Byrds,,1968),The Byrds,Lucinda Williams,Lucinda Williams,Lucinda Williams,,
Every Picture Tells A Story (1971) by Rod Stewart,Every Picture Tells A Story ,1971) by Rod Stewart,,1971),Rod Stewart,Beck,Beck,Beck,,
Something/Anything? (1972) by Todd Rundgren,Something/Anything? ,1972) by Todd Rundgren,,1972),Todd Rundgren,Roxy Music,Roxy Music,Roxy Music,,
Desire (1976) by Bob Dylan,Desire ,1976) by Bob Dylan,,1976),Bob Dylan,Jane's Addiction,Jane's Addiction,Jane's Addiction,,
Close To You (1970) by Carpenters,Close To You ,1970) by Carpenters,,1970),Carpenters,Red Hot Chili Peppers,Red Hot Chili Peppers,Red Hot Chili Peppers,,
Rocks (1976) by Aerosmith,Rocks ,1976) by Aerosmith,,1976),Aerosmith,Lauryn Hill,Lauryn Hill,Lauryn Hill,,
One Nation Under A Groove (1978) by Funkadelic,One Nation Under A Groove ,1978) by Funkadelic,,1978),Funkadelic,Tom Petty And The Heartbreakers,Tom Petty And The Heartbreakers,Tom Petty And The Heartbreakers,,
Greatest Hits (1967) by The Byrds,Greatest Hits ,1967) by The Byrds,,1967),The Byrds,No Doubt,No Doubt,No Doubt,,
The Anthology 1961 - 1977 (1992) by Curtis Mayfield And The Impressions,The Anthology 1961 - 1977 ,1992) by Curtis Mayfield And The Impressions,,1992),Curtis Mayfield And The Impressions,The O'Jays,The O'Jays,The O'Jays,,
The Definitive Collection (2001) by ABBA,The Definitive Collection ,2001) by ABBA,,2001),ABBA,Randy Newman,Randy Newman,Randy Newman,,
The Rolling Stones Now! (1965) by The Rolling Stones,The Rolling Stones Now! ,1965) by The Rolling Stones,,1965),The Rolling Stones,The Police,The Police,The Police,,
Natty Dread (1974) by Bob Marley & The Wailers,Natty Dread ,1974) by Bob Marley & The Wailers,,1974),Bob Marley & The Wailers,Eric Clapton,Eric Clapton,Eric Clapton,,
Fleetwood Mac (1975) by Fleetwood Mac,Fleetwood Mac ,1975) by Fleetwood Mac,,1975),Fleetwood Mac,The Cure,The Cure,The Cure,,
Red Headed Stranger (1975) by Willie Nelson,Red Headed Stranger ,1975) by Willie Nelson,,1975),Willie Nelson,Alanis Morissette,Alanis Morissette,Alanis Morissette,,
The Stooges (1969) by The Stooges,The Stooges ,1969) by The Stooges,,1969),The Stooges,Liz Phair,Liz Phair,Liz Phair,,
Fresh (1973) by Sly & The Family Stone,Fresh ,1973) by Sly & The Family Stone,,1973),Sly & The Family Stone,Sonic Youth,Sonic Youth,Sonic Youth,,
So (1986) by Peter Gabriel,So ,1986) by Peter Gabriel,,1986),Peter Gabriel,Richard & Linda Thompson,Richard & Linda Thompson,Richard & Linda Thompson,,
Buffalo Springfield Again (1967) by Buffalo Springfield,Buffalo Springfield Again ,1967) by Buffalo Springfield,,1967),Buffalo Springfield,Graham Parker,Graham Parker,Graham Parker,,
Happy Trails (1969) by Quicksilver Messenger Service,Happy Trails ,1969) by Quicksilver Messenger Service,,1969),Quicksilver Messenger Service,Soundgarden,Soundgarden,Soundgarden,,
From Elvis In Memphis (1969) by Elvis Presley,From Elvis In Memphis ,1969) by Elvis Presley,,1969),Elvis Presley,Jethro Tull,Jethro Tull,Jethro Tull,,
Fun House (1970) by The Stooges,Fun House ,1970) by The Stooges,,1970),The Stooges,Big Brother And The Holding Company,Big Brother And The Holding Company,Big Brother And The Holding Company,,
The Gilded Palace Of Sin (1969) by The Flying Burrito Brothers,The Gilded Palace Of Sin ,1969) by The Flying Burrito Brothers,,1969),The Flying Burrito Brothers,Tom Waits,Tom Waits,Tom Waits,,
Dookie (1994) by Green Day,Dookie ,1994) by Green Day,,1994),Green Day,Black Flag,Black Flag,Black Flag,,
Transformer (1972) by Lou Reed,Transformer ,1972) by Lou Reed,,1972),Lou Reed,Moby,Moby,Moby,,
Blues Breakers With Eric Clapton (1966) by John Mayall,Blues Breakers With Eric Clapton ,1966) by John Mayall,,1966),John Mayall,Depeche Mode,Depeche Mode,Depeche Mode,,
"Nuggets: Original Artyfacts From The First Psychedelic Era, 1965-1968 (1972) by Various Artists","Nuggets: Original Artyfacts From The First Psychedelic Era, 1965-1968 ",1972) by Various Artists,,1972),Various Artists,Meat Loaf,Meat Loaf,Meat Loaf,,
Murmur (1983) by R.E.M.,Murmur ,1983) by R.E.M.,,1983),R.E.M.,De La Soul,De La Soul,De La Soul,,
The Best Of (1964) by Little Walter,The Best Of ,1964) by Little Walter,,1964),Little Walter,The Yardbirds,The Yardbirds,The Yardbirds,,
Highway To Hell (1979) by AC/DC,Highway To Hell ,1979) by AC/DC,,1979),AC/DC,Dire Straits,Dire Straits,Dire Straits,,
The Downward Spiral (1994) by Nine Inch Nails,The Downward Spiral ,1994) by Nine Inch Nails,,1994),Nine Inch Nails,Buzzcocks,Buzzcocks,Buzzcocks,,
"Parsley, Sage, Rosemary And Thyme (1966) by Simon And Garfunkel","Parsley, Sage, Rosemary And Thyme ",1966) by Simon And Garfunkel,,1966),Simon And Garfunkel,OutKast,OutKast,OutKast,,
Bad (1987) by Michael Jackson,Bad ,1987) by Michael Jackson,,1987),Michael Jackson,The Smashing Pumpkins,The Smashing Pumpkins,The Smashing Pumpkins,,
Wheels Of Fire (1968) by Cream,Wheels Of Fire ,1968) by Cream,,1968),Cream,New Order,New Order,New Order,,
Dirty Mind (1980) by Prince,Dirty Mind ,1980) by Prince,,1980),Prince,Mott The Hoople,Mott The Hoople,Mott The Hoople,,
Abraxas (1970) by Santana,Abraxas ,1970) by Santana,,1970),Santana,The Strokes,The Strokes,The Strokes,,
Tea For The Tillerman (1970) by Cat Stevens,Tea For The Tillerman ,1970) by Cat Stevens,,1970),Cat Stevens,Rage Against The Machine,Rage Against The Machine,Rage Against The Machine,,
Ten (1991) by Pearl Jam,Ten ,1991) by Pearl Jam,,1991),Pearl Jam,Jackson Browne,Jackson Browne,Jackson Browne,,
Everybody Knows This Is Nowhere (1969) by Neil Young,Everybody Knows This Is Nowhere ,1969) by Neil Young,,1969),Neil Young,Björk,Björk,Björk,,
Wish You Were Here (1975) by Pink Floyd,Wish You Were Here ,1975) by Pink Floyd,,1975),Pink Floyd,John Lee Hooker,John Lee Hooker,John Lee Hooker,,
"Crooked Rain, Crooked Rain (1994) by Pavement","Crooked Rain, Crooked Rain ",1994) by Pavement,,1994),Pavement,Oasis,Oasis,Oasis,,
Tattoo You (1981) by The Rolling Stones,Tattoo You ,1981) by The Rolling Stones,,1981),The Rolling Stones,TLC,TLC,TLC,,
Proud Mary: The Best Of Ike And Tina Turner (1991) by Ike & Tina Turner,Proud Mary: The Best Of Ike And Tina Turner ,1991) by Ike & Tina Turner,,1991),Ike & Tina Turner,Toots & The Maytals,Toots & The Maytals,Toots & The Maytals,,
New York Dolls (1973) by New York Dolls,New York Dolls ,1973) by New York Dolls,,1973),New York Dolls,Modern Lovers,Modern Lovers,Modern Lovers,,
Go Bo Diddley (1959) by Bo Diddley,Go Bo Diddley ,1959) by Bo Diddley,,1959),Bo Diddley,Def Leppard,Def Leppard,Def Leppard,,
Two Steps From The Blues (1961) by Bobby Blue Bland,Two Steps From The Blues ,1961) by Bobby Blue Bland,,1961),Bobby Blue Bland,Wu-Tang Clan,Wu-Tang Clan,Wu-Tang Clan,,
The Queen Is Dead (1986) by The Smiths,The Queen Is Dead ,1986) by The Smiths,,1986),The Smiths,Don Henley,Don Henley,Don Henley,,
Licensed To Ill (1986) by Beastie Boys,Licensed To Ill ,1986) by Beastie Boys,,1986),Beastie Boys,The White Stripes,The White Stripes,The White Stripes,,
Look-Ka Py Py (1969) by The Meters,Look-Ka Py Py ,1969) by The Meters,,1969),The Meters,Massive Attack,Massive Attack,Massive Attack,,
Loveless (1991) by My Bloody Valentine,Loveless ,1991) by My Bloody Valentine,,1991),My Bloody Valentine,ZZ Top,ZZ Top,ZZ Top,,
New Orleans Piano (1972) by Professor Longhair,New Orleans Piano ,1972) by Professor Longhair,,1972),Professor Longhair,The Temptations,The Temptations,The Temptations,,
War (1983) by U2,War ,1983) by U2,,1983),U2,Nas,Nas,Nas,,
The Neil Diamond Collection (1999) by Neil Diamond,The Neil Diamond Collection ,1999) by Neil Diamond,,1999),Neil Diamond,Lynyrd Skynyrd,Lynyrd Skynyrd,Lynyrd Skynyrd,,
Howlin' Wolf (1962) by Howlin' Wolf,Howlin' Wolf ,1962) by Howlin' Wolf,,1962),Howlin' Wolf,Big Star,Big Star,Big Star,,
Nebraska (1982) by Bruce Springsteen,Nebraska ,1982) by Bruce Springsteen,,1982),Bruce Springsteen,PJ Harvey,PJ Harvey,PJ Harvey,,
The Complete Hank Williams (1998) by Hank Williams,The Complete Hank Williams ,1998) by Hank Williams,,1998),Hank Williams,Sinéad O'Connor,Sinéad O'Connor,Sinéad O'Connor,,
Doolittle (1989) by Pixies,Doolittle ,1989) by Pixies,,1989),Pixies,Wire,Wire,Wire,,
Paid In Full (1987) by Eric B. & Rakim,Paid In Full ,1987) by Eric B. & Rakim,,1987),Eric B. & Rakim,Minutemen,Minutemen,Minutemen,,
Toys In The Attic (1975) by Aerosmith,Toys In The Attic ,1975) by Aerosmith,,1975),Aerosmith,The Go-Go's,The Go-Go's,The Go-Go's,,
Nick Of Time (1989) by Bonnie Raitt,Nick Of Time ,1989) by Bonnie Raitt,,1989),Bonnie Raitt,Van Halen,Van Halen,Van Halen,,
A Night At The Opera (1975) by Queen,A Night At The Opera ,1975) by Queen,,1975),Queen,Wings,Wings,Wings,,
The Kink Kronikles (1972) by The Kinks,The Kink Kronikles ,1972) by The Kinks,,1972),The Kinks,Portishead,Portishead,Portishead,,
Mr. Tambourine Man (1965) by The Byrds,Mr. Tambourine Man ,1965) by The Byrds,,1965),The Byrds,The Ronettes,The Ronettes,The Ronettes,,
Bookends (1968) by Simon And Garfunkel,Bookends ,1968) by Simon And Garfunkel,,1968),Simon And Garfunkel,Gram Parsons,Gram Parsons,Gram Parsons,,
The Ultimate Collection (1998) by Patsy Cline,The Ultimate Collection ,1998) by Patsy Cline,,1998),Patsy Cline,Cheap Trick,Cheap Trick,Cheap Trick,,
Mr. Excitement! (1992) by Jackie Wilson,Mr. Excitement! ,1992) by Jackie Wilson,,1992),Jackie Wilson,The Supremes,The Supremes,The Supremes,,
The Who Sings My Generation (1965) by The Who,The Who Sings My Generation ,1965) by The Who,,1965),The Who,Peter Wolf,Peter Wolf,Peter Wolf,,
Like A Prayer (1989) by Madonna,Like A Prayer ,1989) by Madonna,,1989),Madonna,Brian Eno,Brian Eno,Brian Eno,,
Can't Buy A Thrill (1972) by Steely Dan,Can't Buy A Thrill ,1972) by Steely Dan,,1972),Steely Dan,George Harrison,George Harrison,George Harrison,,
Let It Be (1984) by The Replacements,Let It Be ,1984) by The Replacements,,1984),The Replacements,Boogie Down Productions,Boogie Down Productions,Boogie Down Productions,,
Run-DMC (1984) by Run-D.M.C.,Run-DMC ,1984) by Run-D.M.C.,,1984),Run-D.M.C.,The Pogues,The Pogues,The Pogues,,
Black Sabbath (1970) by Black Sabbath,Black Sabbath ,1970) by Black Sabbath,,1970),Black Sabbath,Suicide,Suicide,Suicide,,
The Jerry Lee Lewis Anthology: All Killer No Filler! (1993) by Jerry Lee Lewis,The Jerry Lee Lewis Anthology: All Killer No Filler! ,1993) by Jerry Lee Lewis,,1993),Jerry Lee Lewis,Devo,Devo,Devo,,
Freak Out! (1966) by The Mothers Of Invention,Freak Out! ,1966) by The Mothers Of Invention,,1966),The Mothers Of Invention,War,War,War,,
Live Dead (1969) by Grateful Dead,Live Dead ,1969) by Grateful Dead,,1969),Grateful Dead,Steve Miller Band,Steve Miller Band,Steve Miller Band,,
Bryter Layter (1970) by Nick Drake,Bryter Layter ,1970) by Nick Drake,,1970),Nick Drake,Stan Getz And Joao Gilberto Featuring Antonio Carlos Jobim,Stan Getz And Joao Gilberto Featuring Antonio Carlos Jobim,Stan Getz And Joao Gilberto Featuring Antonio Carlos Jobim,,
The Shape Of Jazz To Come (1959) by Ornette Coleman,The Shape Of Jazz To Come ,1959) by Ornette Coleman,,1959),Ornette Coleman,John Prine,John Prine,John Prine,,
Automatic For The People (1992) by R.E.M.,Automatic For The People ,1992) by R.E.M.,,1992),R.E.M.,EPMD,EPMD,EPMD,,
Reasonable Doubt (1996) by Jay-Z,Reasonable Doubt ,1996) by Jay-Z,,1996),Jay-Z,Alice Cooper,Alice Cooper,Alice Cooper,,
Low (1977) by David Bowie,Low ,1977) by David Bowie,,1977),David Bowie,Los Lobos,Los Lobos,Los Lobos,,
The River (1980) by Bruce Springsteen,The River ,1980) by Bruce Springsteen,,1980),Bruce Springsteen,The Drifters,The Drifters,The Drifters,,
Complete & Unbelievable: The Otis Redding Dictionary Of Soul (1966) by Otis Redding,Complete & Unbelievable: The Otis Redding Dictionary Of Soul ,1966) by Otis Redding,,1966),Otis Redding,Hole,Hole,Hole,,
Metallica (1991) by Metallica,Metallica ,1991) by Metallica,,1991),Metallica,Public Image Ltd.,Public Image Ltd.,Public Image Ltd.,,
Trans-Europe Express (1977) by Kraftwerk,Trans-Europe Express ,1977) by Kraftwerk,,1977),Kraftwerk,Echo & The Bunnymen,Echo & The Bunnymen,Echo & The Bunnymen,,
Whitney Houston (1985) by Whitney Houston,Whitney Houston ,1985) by Whitney Houston,,1985),Whitney Houston,Coldplay,Coldplay,Coldplay,,
The Kinks Are The Village Green Preservation Society (1968) by The Kinks,The Kinks Are The Village Green Preservation Society ,1968) by The Kinks,,1968),The Kinks,The Paul Butterfield Blues Band,The Paul Butterfield Blues Band,The Paul Butterfield Blues Band,,
The Velvet Rope (1997) by Janet Jackson,The Velvet Rope ,1997) by Janet Jackson,,1997),Janet Jackson,Fugees,Fugees,Fugees,,
Stardust (1978) by Willie Nelson,Stardust ,1978) by Willie Nelson,,1978),Willie Nelson,LL Cool J,LL Cool J,LL Cool J,,
American Beauty (1970) by Grateful Dead,American Beauty ,1970) by Grateful Dead,,1970),Grateful Dead,George Michael,George Michael,George Michael,,
"Crosby, Stills & Nash (1969) by Crosby, Stills & Nash","Crosby, Stills & Nash ","1969) by Crosby, Stills & Nash",,1969),"Crosby, Stills & Nash",Merle Haggard,Merle Haggard,Merle Haggard,,
Buena Vista Social Club (1997) by Buena Vista Social Club,Buena Vista Social Club ,1997) by Buena Vista Social Club,,1997),Buena Vista Social Club,Loretta Lynn,Loretta Lynn,Loretta Lynn,,
Tracy Chapman (1988) by Tracy Chapman,Tracy Chapman ,1988) by Tracy Chapman,,1988),Tracy Chapman,D'Angelo,D'Angelo,D'Angelo,,
Workingman's Dead (1970) by Grateful Dead,Workingman's Dead ,1970) by Grateful Dead,,1970),Grateful Dead,Steve Earle,Steve Earle,Steve Earle,,
The Genius Of Ray Charles (1959) by Ray Charles,The Genius Of Ray Charles ,1959) by Ray Charles,,1959),Ray Charles,Gang Of Four,Gang Of Four,Gang Of Four,,
"Child Is Father To The Man (1968) by Blood, Sweat & Tears",Child Is Father To The Man ,"1968) by Blood, Sweat & Tears",,1968),"Blood, Sweat & Tears","Earth, Wind & Fire","Earth, Wind & Fire","Earth, Wind & Fire",,
Cosmo's Factory (1970) by Creedence Clearwater Revival,Cosmo's Factory ,1970) by Creedence Clearwater Revival,,1970),Creedence Clearwater Revival,Cyndi Lauper,Cyndi Lauper,Cyndi Lauper,,
Quadrophenia (1973) by The Who,Quadrophenia ,1973) by The Who,,1973),The Who,Hüsker Dü,Hüsker Dü,Hüsker Dü,,
There Goes Rhymin' Simon (1973) by Paul Simon,There Goes Rhymin' Simon ,1973) by Paul Simon,,1973),Paul Simon,Albert King,Albert King,Albert King,,
Psycho Candy (1985) by The Jesus And Mary Chain,Psycho Candy ,1985) by The Jesus And Mary Chain,,1985),The Jesus And Mary Chain,Eurythmics,Eurythmics,Eurythmics,,
Some Girls (1978) by The Rolling Stones,Some Girls ,1978) by The Rolling Stones,,1978),The Rolling Stones,,ABBA,Amadou and Mariam,,
The Beach Boys Today! (1965) by The Beach Boys,The Beach Boys Today! ,1965) by The Beach Boys,,1965),The Beach Boys,,AC/DC,The Andrews Sisters,,
Going To A Go-Go (1965) by Smokey Robinson & The Miracles,Going To A Go-Go ,1965) by Smokey Robinson & The Miracles,,1965),Smokey Robinson & The Miracles,,Aerosmith,The Animals,,
Nightbirds (1974) by Labelle,Nightbirds ,1974) by Labelle,,1974),Labelle,,The Allman Brothers Band,Arcade Fire,,
The Slim Shady LP (1999) by Eminem,The Slim Shady LP ,1999) by Eminem,,1999),Eminem,,Amadou and Mariam,The Beastie Boys,,
Mothership Connection (1975) by Parliament,Mothership Connection ,1975) by Parliament,,1975),Parliament,,The Andrews Sisters,The Bee Gees,,
Rhythm Nation 1814 (1989) by Janet Jackson,Rhythm Nation 1814 ,1989) by Janet Jackson,,1989),Janet Jackson,,The Animals,Booker T. and the MG’s,,
Anthology Of American Folk Music (1952) by Various Artists,Anthology Of American Folk Music ,1952) by Various Artists,,1952),Various Artists,,Arcade Fire,Boston,,
Aladdin Sane (1973) by David Bowie,Aladdin Sane ,1973) by David Bowie,,1973),David Bowie,,The Band,The Boswell Sisters,,
The Immaculate Collection (1990) by Madonna,The Immaculate Collection ,1990) by Madonna,,1990),Madonna,,The Beach Boys,Boyz II Men,,
My Life (1994) by Mary J. Blige,My Life ,1994) by Mary J. Blige,,1994),Mary J. Blige,,The Beastie Boys,Brooks & Dunn,,
Folk Singer (1964) by Muddy Waters,Folk Singer ,1964) by Muddy Waters,,1964),Muddy Waters,,The Beatles,Calle 13,,
Can't Get Enough (1974) by Barry White,Can't Get Enough ,1974) by Barry White,,1974),Barry White,,The Bee Gees,The Chemical Brothers,,
The Cars (1978) by The Cars,The Cars ,1978) by The Cars,,1978),The Cars,,Big Star,Chicago,,
Five Leaves Left (1969) by Nick Drake,Five Leaves Left ,1969) by Nick Drake,,1969),Nick Drake,,Black Flag,The Coasters,,
Music Of My Mind (1972) by Stevie Wonder,Music Of My Mind ,1972) by Stevie Wonder,,1972),Stevie Wonder,,Black Sabbath,Daft Punk,,
I'm Still In Love With You (1972) by Al Green,I'm Still In Love With You ,1972) by Al Green,,1972),Al Green,,Blondie,Death Cab for Cutie,,
Los Angeles (1980) by X,Los Angeles ,1980) by X,,1980),X,,Booker T. and the MG’s,The Decemberists,,
Anthem Of The Sun (1968) by Grateful Dead,Anthem Of The Sun ,1968) by Grateful Dead,,1968),Grateful Dead,,Boston,The Dillards,,
Something Else By The Kinks (1967) by The Kinks,Something Else By The Kinks ,1967) by The Kinks,,1967),The Kinks,,The Boswell Sisters,Dion and the Belmonts,,
Call Me (1973) by Al Green,Call Me ,1973) by Al Green,,1973),Al Green,,Boyz II Men,Dixie Chicks,,
Talking Heads: 77 (1977) by Talking Heads,Talking Heads: 77 ,1977) by Talking Heads,,1977),Talking Heads,,Brooks & Dunn,The Eagles,,
The Basement Tapes (1975) by Bob Dylan And The Band,The Basement Tapes ,1975) by Bob Dylan And The Band,,1975),Bob Dylan And The Band,,Buffalo Springfield,Emerson Lake & Palmer,,
White Light/White Heat (1968) by The Velvet Underground,White Light/White Heat ,1968) by The Velvet Underground,,1968),The Velvet Underground,,The Byrds,The Everly Brothers,,
Greatest Hits (1972) by Simon And Garfunkel,Greatest Hits ,1972) by Simon And Garfunkel,,1972),Simon And Garfunkel,,Calle 13,The Flamingos,,
Kick Out The Jams (1969) by MC5,Kick Out The Jams ,1969) by MC5,,1969),MC5,,The Chemical Brothers,The Four Seasons,,
Meat Is Murder (1985) by The Smiths,Meat Is Murder ,1985) by The Smiths,,1985),The Smiths,,Chicago,The Four Tops,,
We're Only In It For The Money (1968) by The Mothers Of Invention,We're Only In It For The Money ,1968) by The Mothers Of Invention,,1968),The Mothers Of Invention,,The Clash,Fugazi,,
"Weezer (""The Blue Album"") (1994) by Weezer",Weezer ,"""The Blue Album"") ",1994) by Weezer,"""The Blue Album"") ",Weezer,,The Coasters,The Gang of Four,,
Master Of Reality (1971) by Black Sabbath,Master Of Reality ,1971) by Black Sabbath,,1971),Black Sabbath,,Coldplay,Genesis,,
Coat Of Many Colors (1971) by Dolly Parton,Coat Of Many Colors ,1971) by Dolly Parton,,1971),Dolly Parton,,Alice Cooper,Grandmaster Flash and the Furious Five,,
Fear Of A Black Planet (1990) by Public Enemy,Fear Of A Black Planet ,1990) by Public Enemy,,1990),Public Enemy,,Cream,The Grateful Dead,,
John Wesley Harding (1967) by Bob Dylan,John Wesley Harding ,1967) by Bob Dylan,,1967),Bob Dylan,,Creedence Clearwater Revival,Guns N’ Roses,,
The Marshall Mathers LP (2000) by Eminem,The Marshall Mathers LP ,2000) by Eminem,,2000),Eminem,,"Crosby, Stills & Nash",The Hollies,,
Grace (1994) by Jeff Buckley,Grace ,1994) by Jeff Buckley,,1994),Jeff Buckley,,Daft Punk,Iggy and the Stooges,,
Car Wheels On A Gravel Road (1998) by Lucinda Williams,Car Wheels On A Gravel Road ,1998) by Lucinda Williams,,1998),Lucinda Williams,,De La Soul,The Ink Spots,,
Odelay (1996) by Beck,Odelay ,1996) by Beck,,1996),Beck,,Death Cab for Cutie,The Isley Brothers,,
Songs For Swingin' Lovers! (1956) by Frank Sinatra,Songs For Swingin' Lovers! ,1956) by Frank Sinatra,,1956),Frank Sinatra,,The Decemberists,The Jam,,
Avalon (1982) by Roxy Music,Avalon ,1982) by Roxy Music,,1982),Roxy Music,,Def Leppard,The Jefferson Airplane,,
The Sun Records Collection (1994) by Various Artists,The Sun Records Collection ,1994) by Various Artists,,1994),Various Artists,,Devo,The Jesus and Mary Chain,,
Nothing's Shocking (1988) by Jane's Addiction,Nothing's Shocking ,1988) by Jane's Addiction,,1988),Jane's Addiction,,The Dillards,Jonas Brothers,,
Blood Sugar Sex Magik (1991) by Red Hot Chili Peppers,Blood Sugar Sex Magik ,1991) by Red Hot Chili Peppers,,1991),Red Hot Chili Peppers,,Dion and the Belmonts,The Judds,,
Unplugged In New York (1994) by Nirvana,Unplugged In New York ,1994) by Nirvana,,1994),Nirvana,,Dire Straits,The Kingston Trio,,
The Miseducation Of Lauryn Hill (1998) by Lauryn Hill,The Miseducation Of Lauryn Hill ,1998) by Lauryn Hill,,1998),Lauryn Hill,,Dixie Chicks,Gladys Knight and the Pips,,
Damn The Torpedoes (1979) by Tom Petty And The Heartbreakers,Damn The Torpedoes ,1979) by Tom Petty And The Heartbreakers,,1979),Tom Petty And The Heartbreakers,,The Doors,Kool and the Gang,,
The Velvet Underground (1969) by The Velvet Underground,The Velvet Underground ,1969) by The Velvet Underground,,1969),The Velvet Underground,,The Drifters,Ladysmith Black Mambazo,,
Surfer Rosa (1988) by Pixies,Surfer Rosa ,1988) by Pixies,,1988),Pixies,,The Eagles,Little Anthony and the Imperials,,
Rock Steady (2001) by No Doubt,Rock Steady ,2001) by No Doubt,,2001),No Doubt,,"Earth, Wind & Fire",The Louvin Brothers,,
The Eminem Show (2002) by Eminem,The Eminem Show ,2002) by Eminem,,2002),Eminem,,Emerson Lake & Palmer,The Lovin’ Spoonful,,
Back Stabbers (1972) by The O'Jays,Back Stabbers ,1972) by The O'Jays,,1972),The O'Jays,,The Everly Brothers,Frankie Lymon and the Teenagers,,
Burnin' (1973) by Bob Marley & The Wailers,Burnin' ,1973) by Bob Marley & The Wailers,,1973),Bob Marley & The Wailers,,The Flamingos,The MC5,,
Pink Moon (1972) by Nick Drake,Pink Moon ,1972) by Nick Drake,,1972),Nick Drake,,Fleetwood Mac,The Mamas and the Papas,,
Sail Away (1972) by Randy Newman,Sail Away ,1972) by Randy Newman,,1972),Randy Newman,,The Flying Burrito Brothers,The Mekons,,
Ghost In The Machine (1981) by The Police,Ghost In The Machine ,1981) by The Police,,1981),The Police,,The Four Seasons,The Mills Brothers,,
Station To Station (1976) by David Bowie,Station To Station ,1976) by David Bowie,,1976),David Bowie,,The Four Tops,Modest Mouse,,
The Very Best Of Linda Ronstadt (2002) by Linda Ronstadt,The Very Best Of Linda Ronstadt ,2002) by Linda Ronstadt,,2002),Linda Ronstadt,,Fugazi,The Monkees,,
Slowhand (1977) by Eric Clapton,Slowhand ,1977) by Eric Clapton,,1977),Eric Clapton,,The Gang of Four,The Moody Blues,,
Disintegration (1989) by The Cure,Disintegration ,1989) by The Cure,,1989),The Cure,,Genesis,The Moonglows,,
Jagged Little Pill (1995) by Alanis Morissette,Jagged Little Pill ,1995) by Alanis Morissette,,1995),Alanis Morissette,,Grandmaster Flash and the Furious Five,Mumford & Sons,,
Exile In Guyville (1993) by Liz Phair,Exile In Guyville ,1993) by Liz Phair,,1993),Liz Phair,,The Grateful Dead,My Chemical Romance,,
Daydream Nation (1988) by Sonic Youth,Daydream Nation ,1988) by Sonic Youth,,1988),Sonic Youth,,Green Day,The New York Dolls,,
In The Jungle Groove (1986) by James Brown,In The Jungle Groove ,1986) by James Brown,,1986),James Brown,,Guns N’ Roses,The O’Jays,,
Tonight's The Night (1975) by Neil Young,Tonight's The Night ,1975) by Neil Young,,1975),Neil Young,,Hüsker Dü,The Ohio Players,,
Help! (1965) by The Beatles,Help! ,1965) by The Beatles,,1965),The Beatles,,The Hollies,One Direction,,
Shoot Out The Lights (1982) by Richard & Linda Thompson,Shoot Out The Lights ,1982) by Richard & Linda Thompson,,1982),Richard & Linda Thompson,,Iggy and the Stooges,The Orioles,,
Wild Gift (1981) by X,Wild Gift ,1981) by X,,1981),X,,The Ink Spots,Parliament-Funkadelic,,
Squeezing Out Sparks (1979) by Graham Parker,Squeezing Out Sparks ,1979) by Graham Parker,,1979),Graham Parker,,The Isley Brothers,Pere Ubu,,
Superunknown (1994) by Soundgarden,Superunknown ,1994) by Soundgarden,,1994),Soundgarden,,The Jam,The Pet Shop Boys,,
Aqualung (1971) by Jethro Tull,Aqualung ,1971) by Jethro Tull,,1971),Jethro Tull,,The Jefferson Airplane,"Peter, Paul and Mary",,
Cheap Thrills (1968) by Big Brother And The Holding Company,Cheap Thrills ,1968) by Big Brother And The Holding Company,,1968),Big Brother And The Holding Company,,The Jesus and Mary Chain,The Platters,,
The Heart Of Saturday Night (1974) by Tom Waits,The Heart Of Saturday Night ,1974) by Tom Waits,,1974),Tom Waits,,Jonas Brothers,Poco,,
Damaged (1981) by Black Flag,Damaged ,1981) by Black Flag,,1981),Black Flag,,Joy Division,Puffy AmiYumi,,
Play (1999) by Moby,Play ,1999) by Moby,,1999),Moby,,The Judds,Rage Against the Machine,,
Violator (1990) by Depeche Mode,Violator ,1990) by Depeche Mode,,1990),Depeche Mode,,The Kingston Trio,The Ramones,,
Bat Out Of Hell (1977) by Meat Loaf,Bat Out Of Hell ,1977) by Meat Loaf,,1977),Meat Loaf,,The Kinks,Rascal Flatts,,
Berlin (1973) by Lou Reed,Berlin ,1973) by Lou Reed,,1973),Lou Reed,,Gladys Knight and the Pips,Sam and Dave,,
Stop Making Sense (1984) by Talking Heads,Stop Making Sense ,1984) by Talking Heads,,1984),Talking Heads,,Kool and the Gang,The Sex Pistols,,
3 Feet High And Rising (1989) by De La Soul,3 Feet High And Rising ,1989) by De La Soul,,1989),De La Soul,,Kraftwerk,The Shadows,,
The Piper At The Gates Of Dawn (1967) by Pink Floyd,The Piper At The Gates Of Dawn ,1967) by Pink Floyd,,1967),Pink Floyd,,Ladysmith Black Mambazo,The Shirelles,,
At Newport 1960 (1960) by Muddy Waters,At Newport 1960 ,1960) by Muddy Waters,,1960),Muddy Waters,,Led Zeppelin,Sleater-Kinney,,
Roger The Engineer (1966) by The Yardbirds,Roger The Engineer ,1966) by The Yardbirds,,1966),The Yardbirds,,Little Anthony and the Imperials,Sly and the Family Stone,,
Rust Never Sleeps (1979) by Neil Young,Rust Never Sleeps ,1979) by Neil Young,,1979),Neil Young,,The Louvin Brothers,Smashing Pumpkins,,
Brothers In Arms (1985) by Dire Straits,Brothers In Arms ,1985) by Dire Straits,,1985),Dire Straits,,Love,The Soul Stirrers,,
52nd Street (1978) by Billy Joel,52nd Street ,1978) by Billy Joel,,1978),Billy Joel,,The Lovin’ Spoonful,Spice Girls,,
Having A Rave Up With The Yardbirds (1965) by The Yardbirds,Having A Rave Up With The Yardbirds ,1965) by The Yardbirds,,1965),The Yardbirds,,Frankie Lymon and the Teenagers,Stanley Brothers,,
12 Songs (1970) by Randy Newman,12 Songs ,1970) by Randy Newman,,1970),Randy Newman,,Lynyrd Skynyrd,The Staple Singers,,
Between The Buttons (1967) by The Rolling Stones,Between The Buttons ,1967) by The Rolling Stones,,1967),The Rolling Stones,,The MC5,TV on the Radio,,
Sketches Of Spain (1960) by Miles Davis,Sketches Of Spain ,1960) by Miles Davis,,1960),Miles Davis,,The Mamas and the Papas,Tinariwen,,
Honky Chateau (1972) by Elton John,Honky Chateau ,1972) by Elton John,,1972),Elton John,,The Mekons,Toots and the Maytals,,
Singles Going Steady (1979) by Buzzcocks,Singles Going Steady ,1979) by Buzzcocks,,1979),Buzzcocks,,Metallica,Traffic,,
Stankonia (2000) by OutKast,Stankonia ,2000) by OutKast,,2000),OutKast,,The Mills Brothers,The Turtles,,
Siamese Dream (1993) by The Smashing Pumpkins,Siamese Dream ,1993) by The Smashing Pumpkins,,1993),The Smashing Pumpkins,,Modest Mouse,The Ventures,,
Substance (1987) by New Order,Substance ,1987) by New Order,,1987),New Order,,The Monkees,The Weavers,,
L.A. Woman (1971) by The Doors,L.A. Woman ,1971) by The Doors,,1971),The Doors,,The Moody Blues,Wilco,,
Ray Of Light (1998) by Madonna,Ray Of Light ,1998) by Madonna,,1998),Madonna,,The Moonglows,Yes,,
American Recordings (1994) by Johnny Cash,American Recordings ,1994) by Johnny Cash,,1994),Johnny Cash,,Mumford & Sons,Yo La Tengo,,
Louder Than Bombs (1987) by The Smiths,Louder Than Bombs ,1987) by The Smiths,,1987),The Smiths,,My Chemical Romance,,,
Mott (1973) by Mott The Hoople,Mott ,1973) by Mott The Hoople,,1973),Mott The Hoople,,New Order,,,
Is This It (2001) by The Strokes,Is This It ,2001) by The Strokes,,2001),The Strokes,,The New York Dolls,,,
Rage Against The Machine (1992) by Rage Against The Machine,Rage Against The Machine ,1992) by Rage Against The Machine,,1992),Rage Against The Machine,,Nine Inch Nails,,,
Reggatta De Blanc (1979) by The Police,Reggatta De Blanc ,1979) by The Police,,1979),The Police,,Nirvana,,,
Volunteers (1969) by Jefferson Airplane,Volunteers ,1969) by Jefferson Airplane,,1969),Jefferson Airplane,,The O’Jays,,,
Siren (1975) by Roxy Music,Siren ,1975) by Roxy Music,,1975),Roxy Music,,The Ohio Players,,,
Late For The Sky (1974) by Jackson Browne,Late For The Sky ,1974) by Jackson Browne,,1974),Jackson Browne,,One Direction,,,
Post (1995) by Björk,Post ,1995) by Björk,,1995),Björk,,The Orioles,,,
Eagles (1972) by Eagles,Eagles ,1972) by Eagles,,1972),Eagles,,OutKast,,,
The Ultimate Collection (1948-1990) (1991) by John Lee Hooker,The Ultimate Collection ,1948-1990) ,1991) by John Lee Hooker,1948-1990) ,John Lee Hooker,,Parliament-Funkadelic,,,
(What's The Story) Morning Glory? (1995) by Oasis,What's The Story) Morning Glory? ,1995) by Oasis,,1995),Oasis,,Pavement,,,
CrazySexyCool (1994) by TLC,CrazySexyCool ,1994) by TLC,,1994),TLC,,Pearl Jam,,,
Funky Kingston (1973) by Toots & The Maytals,Funky Kingston ,1973) by Toots & The Maytals,,1973),Toots & The Maytals,,Pere Ubu,,,
Greetings From Asbury Park (1973) by Bruce Springsteen,Greetings From Asbury Park ,1973) by Bruce Springsteen,,1973),Bruce Springsteen,,The Pet Shop Boys,,,
Sunflower (1970) by The Beach Boys,Sunflower ,1970) by The Beach Boys,,1970),The Beach Boys,,"Peter, Paul and Mary",,,
Modern Lovers (1976) by Modern Lovers,Modern Lovers ,1976) by Modern Lovers,,1976),Modern Lovers,,Pink Floyd,,,
More Songs About Buildings And Food (1978) by Talking Heads,More Songs About Buildings And Food ,1978) by Talking Heads,,1978),Talking Heads,,Pixies,,,
A Quick One (Happy Jack) (1966) by The Who,A Quick One ,Happy Jack) ,1966) by The Who,Happy Jack) ,The Who,,The Platters,,,
Pyromania (1983) by Def Leppard,Pyromania ,1983) by Def Leppard,,1983),Def Leppard,,Poco,,,
Pretzel Logic (1974) by Steely Dan,Pretzel Logic ,1974) by Steely Dan,,1974),Steely Dan,,The Police,,,
Enter The Wu-Tang: 36 Chambers (1993) by Wu-Tang Clan,Enter The Wu-Tang: 36 Chambers ,1993) by Wu-Tang Clan,,1993),Wu-Tang Clan,,Portishead,,,
Country Life (1974) by Roxy Music,Country Life ,1974) by Roxy Music,,1974),Roxy Music,,Public Enemy,,,
A Hard Day's Night (1964) by The Beatles,A Hard Day's Night ,1964) by The Beatles,,1964),The Beatles,,Puffy AmiYumi,,,
The End Of The Innocence (1989) by Don Henley,The End Of The Innocence ,1989) by Don Henley,,1989),Don Henley,,Queen,,,
Elephant (2003) by The White Stripes,Elephant ,2003) by The White Stripes,,2003),The White Stripes,,R.E.M.,,,
The Pretender (1976) by Jackson Browne,The Pretender ,1976) by Jackson Browne,,1976),Jackson Browne,,Radiohead,,,
Willy And The Poor Boys (1969) by Creedence Clearwater Revival,Willy And The Poor Boys ,1969) by Creedence Clearwater Revival,,1969),Creedence Clearwater Revival,,Rage Against the Machine,,,
Good Old Boys (1974) by Randy Newman,Good Old Boys ,1974) by Randy Newman,,1974),Randy Newman,,The Ramones,,,
For Your Pleasure (1973) by Roxy Music,For Your Pleasure ,1973) by Roxy Music,,1973),Roxy Music,,Rascal Flatts,,,
Blue Lines (1991) by Massive Attack,Blue Lines ,1991) by Massive Attack,,1991),Massive Attack,,Red Hot Chili Peppers,,,
Eliminator (1983) by ZZ Top,Eliminator ,1983) by ZZ Top,,1983),ZZ Top,,The Replacements,,,
Rain Dogs (1985) by Tom Waits,Rain Dogs ,1985) by Tom Waits,,1985),Tom Waits,,The Rolling Stones,,,
Anthology (1973) by The Temptations,Anthology ,1973) by The Temptations,,1973),The Temptations,,Roxy Music,,,
Californication (1999) by Red Hot Chili Peppers,Californication ,1999) by Red Hot Chili Peppers,,1999),Red Hot Chili Peppers,,Run-D.M.C.,,,
Illmatic (1994) by Nas,Illmatic ,1994) by Nas,,1994),Nas,,Sam and Dave,,,
(Pronounced Leh-Nerd Skin-Nerd) (1973) by Lynyrd Skynyrd,Pronounced Leh-Nerd Skin-Nerd) ,1973) by Lynyrd Skynyrd,,1973),Lynyrd Skynyrd,,Santana,,,
Dr. John's Gumbo (1972) by Dr. John,Dr. John's Gumbo ,1972) by Dr. John,,1972),Dr. John,,The Sex Pistols,,,
Radio City (1974) by Big Star,Radio City ,1974) by Big Star,,1974),Big Star,,The Shadows,,,
Sandinista! (1980) by The Clash,Sandinista! ,1980) by The Clash,,1980),The Clash,,The Shirelles,,,
Rid Of Me (1993) by PJ Harvey,Rid Of Me ,1993) by PJ Harvey,,1993),PJ Harvey,,Sleater-Kinney,,,
I Do Not Want What I Haven't Got (1990) by Sinéad O'Connor,I Do Not Want What I Haven't Got ,1990) by Sinéad O'Connor,,1990),Sinéad O'Connor,,Sly and the Family Stone,,,
Strange Days (1967) by The Doors,Strange Days ,1967) by The Doors,,1967),The Doors,,Smashing Pumpkins,,,
Time Out Of Mind (1997) by Bob Dylan,Time Out Of Mind ,1997) by Bob Dylan,,1997),Bob Dylan,,The Smiths,,,
461 Ocean Boulevard (1974) by Eric Clapton,461 Ocean Boulevard ,1974) by Eric Clapton,,1974),Eric Clapton,,Sonic Youth,,,
Pink Flag (1977) by Wire,Pink Flag ,1977) by Wire,,1977),Wire,,The Soul Stirrers,,,
Double Nickels On The Dime (1984) by Minutemen,Double Nickels On The Dime ,1984) by Minutemen,,1984),Minutemen,,Spice Girls,,,
Mezzanine (1998) by Massive Attack,Mezzanine ,1998) by Massive Attack,,1998),Massive Attack,,Stanley Brothers,,,
Beauty And The Beat (1981) by The Go-Go's,Beauty And The Beat ,1981) by The Go-Go's,,1981),The Go-Go's,,The Staple Singers,,,
Greatest Hits (1991) by James Brown,Greatest Hits ,1991) by James Brown,,1991),James Brown,,Steely Dan,,,
Van Halen (1978) by Van Halen,Van Halen ,1978) by Van Halen,,1978),Van Halen,,The Strokes,,,
Mule Variations (1999) by Tom Waits,Mule Variations ,1999) by Tom Waits,,1999),Tom Waits,,TV on the Radio,,,
Boy (1980) by U2,Boy ,1980) by U2,,1980),U2,,Talking Heads,,,
Band On The Run (1973) by Wings,Band On The Run ,1973) by Wings,,1973),Wings,,Television,,,
Dummy (1994) by Portishead,Dummy ,1994) by Portishead,,1994),Portishead,,The Temptations,,,
With The Beatles (1963) by The Beatles,With The Beatles ,1963) by The Beatles,,1963),The Beatles,,Tinariwen,,,
"The ""Chirping"" Crickets (1957) by Buddy Holly","The ""Chirping"" Crickets ",1957) by Buddy Holly,,1957),Buddy Holly,,Toots and the Maytals,,,
"The Best Of The Girl Groups, Volumes 1 And 2 (1990) by Various Artists","The Best Of The Girl Groups, Volumes 1 And 2 ",1990) by Various Artists,,1990),Various Artists,,Traffic,,,
Greatest Hits (1998) by The Mamas & The Papas,Greatest Hits ,1998) by The Mamas & The Papas,,1998),The Mamas & The Papas,,The Turtles,,,
"King Of The Delta Blues Singers, Vol. 2 (1970) by Robert Johnson","King Of The Delta Blues Singers, Vol. 2 ",1970) by Robert Johnson,,1970),Robert Johnson,,U2,,,
Changesone (1976) by David Bowie,Changesone ,1976) by David Bowie,,1976),David Bowie,,Van Halen,,,
The Battle Of Los Angeles (1999) by Rage Against The Machine,The Battle Of Los Angeles ,1999) by Rage Against The Machine,,1999),Rage Against The Machine,,The Velvet Underground,,,
Presenting The Fabulous Ronettes Featuring Veronica (1964) by The Ronettes,Presenting The Fabulous Ronettes Featuring Veronica ,1964) by The Ronettes,,1964),The Ronettes,,The Ventures,,,
Kid A (2000) by Radiohead,Kid A ,2000) by Radiohead,,2000),Radiohead,,The Weavers,,,
Grievous Angel (1974) by Gram Parsons,Grievous Angel ,1974) by Gram Parsons,,1974),Gram Parsons,,The White Stripes,,,
At Budokan (1978) by Cheap Trick,At Budokan ,1978) by Cheap Trick,,1978),Cheap Trick,,The Who,,,
Anthology (1974) by The Supremes,Anthology ,1974) by The Supremes,,1974),The Supremes,,Wilco,,,
Sleepless (2002) by Peter Wolf,Sleepless ,2002) by Peter Wolf,,2002),Peter Wolf,,X,,,
Another Green World (1975) by Brian Eno,Another Green World ,1975) by Brian Eno,,1975),Brian Eno,,The Yardbirds,,,
Outlandos D'Amour (1978) by The Police,Outlandos D'Amour ,1978) by The Police,,1978),The Police,,Yes,,,
To Bring You My Love (1995) by PJ Harvey,To Bring You My Love ,1995) by PJ Harvey,,1995),PJ Harvey,,Yo La Tengo,,,
Here Come The Warm Jets (1973) by Brian Eno,Here Come The Warm Jets ,1973) by Brian Eno,,1973),Brian Eno,,ZZ Top,,,
All Things Must Pass (1970) by George Harrison,All Things Must Pass ,1970) by George Harrison,,1970),George Harrison,,,,,
Number 1 Record (1972) by Big Star,Number 1 Record ,1972) by Big Star,,1972),Big Star,,,,,
In Utero (1993) by Nirvana,In Utero ,1993) by Nirvana,,1993),Nirvana,,,,,
Sea Change (2002) by Beck,Sea Change ,2002) by Beck,,2002),Beck,,,,,
Tragic Kingdom (1995) by No Doubt,Tragic Kingdom ,1995) by No Doubt,,1995),No Doubt,,,,,
Boys Don't Cry (1980) by The Cure,Boys Don't Cry ,1980) by The Cure,,1980),The Cure,,,,,
"Live At The Harlem Square Club, 1963 (1985) by Sam Cooke","Live At The Harlem Square Club, 1963 ",1985) by Sam Cooke,,1985),Sam Cooke,,,,,
Criminal Minded (1987) by Boogie Down Productions,Criminal Minded ,1987) by Boogie Down Productions,,1987),Boogie Down Productions,,,,,
Rum Sodomy And The Lash (1985) by The Pogues,Rum Sodomy And The Lash ,1985) by The Pogues,,1985),The Pogues,,,,,
Suicide (1977) by Suicide,Suicide ,1977) by Suicide,,1977),Suicide,,,,,
Q: Are We Not Men? A: We Are Devo! (1978) by Devo,Q: Are We Not Men? A: We Are Devo! ,1978) by Devo,,1978),Devo,,,,,
In Color (1977) by Cheap Trick,In Color ,1977) by Cheap Trick,,1977),Cheap Trick,,,,,
The World Is A Ghetto (1972) by War,The World Is A Ghetto ,1972) by War,,1972),War,,,,,
Fly Like An Eagle (1976) by Steve Miller Band,Fly Like An Eagle ,1976) by Steve Miller Band,,1976),Steve Miller Band,,,,,
Back In The USA (1970) by MC5,Back In The USA ,1970) by MC5,,1970),MC5,,,,,
Music (2000) by Madonna,Music ,2000) by Madonna,,2000),Madonna,,,,,
Ritual De Lo Habitual (1990) by Jane's Addiction,Ritual De Lo Habitual ,1990) by Jane's Addiction,,1990),Jane's Addiction,,,,,
Getz/Gilberto (1964) by Stan Getz And Joao Gilberto Featuring Antonio Carlos Jobim,Getz/Gilberto ,1964) by Stan Getz And Joao Gilberto Featuring Antonio Carlos Jobim,,1964),Stan Getz And Joao Gilberto Featuring Antonio Carlos Jobim,,,,,
Synchronicity (1983) by The Police,Synchronicity ,1983) by The Police,,1983),The Police,,,,,
Third/Sister Lovers (1978) by Big Star,Third/Sister Lovers ,1978) by Big Star,,1978),Big Star,,,,,
For Everyman (1973) by Jackson Browne,For Everyman ,1973) by Jackson Browne,,1973),Jackson Browne,,,,,
John Prine (1971) by John Prine,John Prine ,1971) by John Prine,,1971),John Prine,,,,,
Strictly Business (1988) by EPMD,Strictly Business ,1988) by EPMD,,1988),EPMD,,,,,
Love It To Death (1971) by Alice Cooper,Love It To Death ,1971) by Alice Cooper,,1971),Alice Cooper,,,,,
How Will The Wolf Survive? (1984) by Los Lobos,How Will The Wolf Survive? ,1984) by Los Lobos,,1984),Los Lobos,,,,,
"Here, My Dear (1978) by Marvin Gaye","Here, My Dear ",1978) by Marvin Gaye,,1978),Marvin Gaye,,,,,
Tumbleweed Connection (1970) by Elton John,Tumbleweed Connection ,1970) by Elton John,,1970),Elton John,,,,,
The Blueprint (2001) by Jay-Z,The Blueprint ,2001) by Jay-Z,,2001),Jay-Z,,,,,
Golden Hits (1968) by The Drifters,Golden Hits ,1968) by The Drifters,,1968),The Drifters,,,,,
Live Through This (1994) by Hole,Live Through This ,1994) by Hole,,1994),Hole,,,,,
Love And Theft (2001) by Bob Dylan,Love And Theft ,2001) by Bob Dylan,,2001),Bob Dylan,,,,,
Elton John (1970) by Elton John,Elton John ,1970) by Elton John,,1970),Elton John,,,,,
Metal Box (1979) by Public Image Ltd.,Metal Box ,1979) by Public Image Ltd.,,1979),Public Image Ltd.,,,,,
Document (1987) by R.E.M.,Document ,1987) by R.E.M.,,1987),R.E.M.,,,,,
Heaven Up Here (1981) by Echo & The Bunnymen,Heaven Up Here ,1981) by Echo & The Bunnymen,,1981),Echo & The Bunnymen,,,,,
Hysteria (1987) by Def Leppard,Hysteria ,1987) by Def Leppard,,1987),Def Leppard,,,,,
A Rush Of Blood To The Head (2002) by Coldplay,A Rush Of Blood To The Head ,2002) by Coldplay,,2002),Coldplay,,,,,
Live In Europe (1967) by Otis Redding,Live In Europe ,1967) by Otis Redding,,1967),Otis Redding,,,,,
Tunnel Of Love (1987) by Bruce Springsteen,Tunnel Of Love ,1987) by Bruce Springsteen,,1987),Bruce Springsteen,,,,,
The Paul Butterfield Blues Band (1965) by The Paul Butterfield Blues Band,The Paul Butterfield Blues Band ,1965) by The Paul Butterfield Blues Band,,1965),The Paul Butterfield Blues Band,,,,,
The Score (1996) by Fugees,The Score ,1996) by Fugees,,1996),Fugees,,,,,
Radio (1985) by LL Cool J,Radio ,1985) by LL Cool J,,1985),LL Cool J,,,,,
I Want To See The Bright Lights Tonight (1974) by Richard & Linda Thompson,I Want To See The Bright Lights Tonight ,1974) by Richard & Linda Thompson,,1974),Richard & Linda Thompson,,,,,
Faith (1987) by George Michael,Faith ,1987) by George Michael,,1987),George Michael,,,,,
The Smiths (1984) by The Smiths,The Smiths ,1984) by The Smiths,,1984),The Smiths,,,,,
Armed Forces (1979) by Elvis Costello & The Attractions,Armed Forces ,1979) by Elvis Costello & The Attractions,,1979),Elvis Costello & The Attractions,,,,,
Life After Death (1997) by The Notorious B.I.G.,Life After Death ,1997) by The Notorious B.I.G.,,1997),The Notorious B.I.G.,,,,,
Branded Man (1967) by Merle Haggard,Branded Man ,1967) by Merle Haggard,,1967),Merle Haggard,,,,,
All Time Greatest Hits (2002) by Loretta Lynn,All Time Greatest Hits ,2002) by Loretta Lynn,,2002),Loretta Lynn,,,,,
Maggot Brain (1971) by Funkadelic,Maggot Brain ,1971) by Funkadelic,,1971),Funkadelic,,,,,
Mellon Collie And The Infinite Sadness (1995) by The Smashing Pumpkins,Mellon Collie And The Infinite Sadness ,1995) by The Smashing Pumpkins,,1995),The Smashing Pumpkins,,,,,
Voodoo (2000) by D'Angelo,Voodoo ,2000) by D'Angelo,,2000),D'Angelo,,,,,
Guitar Town (1986) by Steve Earle,Guitar Town ,1986) by Steve Earle,,1986),Steve Earle,,,,,
Entertainment! (1979) by Gang Of Four,Entertainment! ,1979) by Gang Of Four,,1979),Gang Of Four,,,,,
All The Young Dudes (1972) by Mott The Hoople,All The Young Dudes ,1972) by Mott The Hoople,,1972),Mott The Hoople,,,,,
Vitalogy (1994) by Pearl Jam,Vitalogy ,1994) by Pearl Jam,,1994),Pearl Jam,,,,,
"That's The Way Of The World (1975) by Earth, Wind & Fire",That's The Way Of The World ,"1975) by Earth, Wind & Fire",,1975),"Earth, Wind & Fire",,,,,
She's So Unusual (1983) by Cyndi Lauper,She's So Unusual ,1983) by Cyndi Lauper,,1983),Cyndi Lauper,,,,,
New Day Rising (1985) by Hüsker Dü,New Day Rising ,1985) by Hüsker Dü,,1985),Hüsker Dü,,,,,
Destroyer (1976) by Kiss,Destroyer ,1976) by Kiss,,1976),Kiss,,,,,
Yo! Bum Rush The Show (1987) by Public Enemy,Yo! Bum Rush The Show ,1987) by Public Enemy,,1987),Public Enemy,,,,,
Tres Hombres (1973) by ZZ Top,Tres Hombres ,1973) by ZZ Top,,1973),ZZ Top,,,,,
Born Under A Bad Sign (1967) by Albert King,Born Under A Bad Sign ,1967) by Albert King,,1967),Albert King,,,,,
Touch (1983) by Eurythmics,Touch ,1983) by Eurythmics,,1983),Eurythmics,,,,,